PC,Proportion.Variance.Explained
1,0.012621139187013432
2,0.0033904598643711014
3,0.002079558675211586
4,0.00161155852761603
5,0.0013866131505236785
6,0.0012800714995553869
7,0.00107882195363715
8,0.0010258905105782286
9,0.0009224067941740431
10,0.0008113930932598141
